{
  "ok": true,
  "bounds_min": [
    -62.3459,
    -16.5023,
    0.0
  ],
  "bounds_max": [
    62.7215,
    17.0398,
    5.2
  ],
  "size_xyz_mm": [
    125.06739999999999,
    33.542100000000005,
    5.2
  ],
  "watertight": true,
  "faces": 4648,
  "verts": 2300
}